sequence,label,len
LVRT,0,4
AA,0,2
LAL,1,3
SE,0,2
SIEDVEESRNK,1,11
PPF,1,3
EPVTLT,0,6
GEP,0,3
PHQIYP,0,6
RPKHPIKHQ,1,9
VYPFGGGINH,1,10
RGPEPIIV,1,8
RPFG,1,4
FP,1,2
GL,1,2
LLRLKK,1,6
FG,1,2
PAP,0,3
FYPELF,1,6
HQIYP,0,5
LCR,1,3
HIQKEDVPSER,0,11
PGPGPG,1,6
GYALPHA,0,7
CDLSD,0,5
HHYE,0,4
VIIPFPG,1,7
FLNQDEEAR,1,9
DA,1,2
LNPA,0,4
CQ,0,2
LREY,1,4
ENGLPVHLDQSIFRRP,0,16
AGA,0,3
PP,1,2
PPG,1,3
EGS,0,3
IY,0,2
VFGKEKVNEL,1,10
VAPFPE,1,6
AIP,0,3
DK,0,2
PPHQIYP,0,7
QDKIHPFAQTQSLVYPFPGP,1,20
EQDNDGNNIFSGFKR,1,15
DEAVARGATF,0,10
ALEPDHR,1,7
RGPPGGV,1,7
EDG,0,3
FGFG,1,4
HEAEEVHEE,0,9
AQTQSLVYP,0,9
SEEK,1,4
VGNEFVTKG,1,9
FGRCVSP,0,7
TLGGPTTL,1,8
DFE,0,3
DGV,0,3
KF,1,2
NKF,0,3
HNESQN,0,6
FPK,1,3
LAY,0,3
NMAINPSK,0,8
KFHSGIQSEPKAIP,0,14
PV,0,2
SPPTEE,0,6
NSLEGEFKG,0,9
TGFLPEEYMK,0,10
PI,1,2
VDEYIPTPER,1,10
VIFPPG,1,6
KAIP,0,4
RRR,1,3
GRVMP,0,5
QLFNPSTNPWHSP,1,13
AP,1,2
QVAIAHRDAK,0,10
TDVEQEGD,0,8
EWVPVTK,0,7
FTKK,1,4
AKALKEEDL,0,9
VVYPWTQRF,1,9
GY,1,2
QGGDF,0,5
PLW,0,3
TQTPVVVPPFL,1,11
FGF,1,3
SGVVAAVNDAAKDFHG,0,16
LLQ,1,3
IN,1,2
LSPA,0,4
ITTNP,0,5
PQPLIYP,0,7
RKYEEVAR,0,8
CN,0,2
IQW,1,3
TREQMIHER,1,9
QLFNPSTNP,1,9
YPFPGPIPN,1,9
GKEKVNELSK,0,10
DAYPSGAW,0,8
HHL,0,3
GYK,0,3
YF,1,2
FY,1,2
GPSGKLW,1,7
SLSSLMK,0,7
VAQWRKCL,1,8
TSE,0,3
IT,1,2
VG,1,2
IRPVQ,0,5
FIV,1,3
KVREGTTY,0,8
GESMTDGF,0,8
VVAPFPEV,1,8
LTF,0,3
AF,1,2
SITRINK,0,7
KEDVPSERY,1,9
AKYSY,0,5
KIHPFAQTQSLVYP,0,14
KL,0,2
KETLEQEKSG,0,10
SLVYPFPGPIPNSL,1,14
PPFIV,1,5
GLGGG,1,5
RT,0,2
VKKVFK,1,6
TYET,0,4
VYPFPPGI,1,8
VVAPFP,1,6
VAPFP,1,5
LVDKL,0,5
ISWCFTY,0,7
HF,1,2
AVDNIPVGPN,1,10
NALKSVECYDAR,0,12
IPQEVLP,0,7
GEVED,0,5
VA,1,2
RE,0,2
DES,0,3
AEASALR,0,7
KY,0,2
TYNPK,1,5
VLTHGEDKEGE,0,11
AH,0,2
LADW,1,4
KSIDDVEE,0,8
VPPFL,1,5
VDF,0,3
YQQKPVAL,1,8
LPQE,1,4
GPFPVI,1,6
RF,1,2
YDQ,0,3
EPKAIP,0,6
QLDAYPSGAWY,0,11
ERYLGYLEQ,1,9
IAIPP,0,5
KK,0,2
YFYPELF,1,7
QLDAYPSGA,0,9
EF,1,2
RGPGPIIV,1,8
KVLAGM,0,6
GP,1,2
DGEKVDFDDIQK,0,12
MAASGDVGK,0,9
HGEDKEGE,0,8
FFVAPFPQVF,1,10
PPPPP,1,5
RGFF,1,4
DLAGRDLTDYLMKIL,0,15
EP,0,2
EIKKAALDANEK,0,12
GNPDIEHP,1,8
AKLTSLEEECQR,0,12
DYR,0,3
DGPL,1,4
EDE,0,3
LY,1,2
LPLPLLQSW,1,9
IQKEDVPS,1,8
AQKDEEKME,0,9
SYNPR,1,5
DP,0,2
PKESEKPN,0,8
FADSL,0,5
VRSY,0,4
PGWETYRK,0,8
PGG,1,3
EIVPN,1,5
INH,1,3
ELY,0,3
FTERVQ,0,6
GPGCKAGL,0,8
EIEELR,1,6
LDDGR,0,5
APK,1,3
GHGD,0,4
GPFPII,1,6
LVR,0,3
GVV,1,3
PGR,1,3
FQ,1,2
DF,1,2
FVAPFPEVF,1,9
AFDVQ,0,5
RGENESDEQGAIVT,0,14
LPFDQL,1,6
IPY,0,3
GGKLVVDGHAIT,0,12
DGRGHL,0,6
EA,1,2
APYSGY,0,6
ENGLPVHLDQSIFRR,0,15
VIIPFPGR,1,8
WPAGE,0,5
GVYPHK,0,6
AAG,0,3
ILR,1,3
SR,0,2
NNP,0,3
GQIEEL,1,6
RPGGFF,1,6
GPPF,1,4
FW,1,2
AGAGPTP,0,7
ASNMSDL,0,7
RRPFF,1,5
KGC,0,3
LNPPHQIYP,0,9
PPP,1,3
VI,1,2
IVR,0,3
LEQLL,1,5
KKMFETES,0,8
GAL,1,3
IGVNQELAYFYPELFR,0,16
GWAP,0,4
QLFGPNVNPWHNP,1,13
IAK,0,3
QPLIYP,0,6
DTDEPN,1,6
LEL,1,3
VYPFPGPIPN,1,10
RPPPFFF,1,7
DE,0,2
WWW,1,3
RINKKIEKF,1,9
PLP,0,3
NLQG,1,4
IA,1,2
DGGRYY,1,6
ALPMHIR,0,7
LAP,0,3
RPHR,1,4
TVPIYEG,1,7
VGPDDDEKSW,0,10
EDCS,0,4
GIQSEPKAIP,0,10
YR,1,2
IKW,0,3
GSQPAEGAK,0,9
DLP,0,3
DIKQM,1,5
HIQK,0,4
SLVYPFPGPIHNS,1,13
PY,1,2
GPL,0,3
RDMPIQAFLLY,1,11
GPAGAPGAA,0,9
QSEPKAIP,0,8
RQ,0,2
VLPVPQK,1,7
MR,0,2
RMLGQTPTK,0,9
TIVWNGPPG,1,9
FFPGG,1,5
GGA,0,3
GGGGL,1,5
ISPPVVAY,1,8
AED,0,3
HIR,0,3
SVP,1,3
LRW,0,3
LKP,1,3
APFPQVFG,1,8
VYP,1,3
CMENSA,0,6
FAPEF,1,5
SKGL,1,4
GT,0,2
VAPFPEVFGKE,1,11
PSFQPQPLIYP,0,11
DMC,0,3
SAALQAG,0,7
GYG,1,3
RPGF,1,4
FPPFIV,1,6
LRP,1,3
AGLQFPVGR,1,9
SEPKAIP,0,7
HEKLSEESEE,1,10
SDRKIPEK,0,8
VVVPPFLQP,1,9
LDYY,1,4
EDV,1,3
IYPR,0,4
GPFP,1,4
KSLEEA,0,6
AEA,0,3
AGEEDNVIS,1,9
AAL,1,3
VNELSK,0,6
HG,0,2
KALSEELDN,0,9
ED,0,2
EVHEEEVH,0,8
RPPFIV,1,6
WF,1,2
QAFT,0,4
LD,1,2
RGP,1,3
RGPFPIIV,1,8
FFG,1,3
LG,1,2
GD,0,2
DMP,0,3
GGLG,1,4
ML,1,2
RADHPF,0,6
QNDF,0,4
GATGRDGAR,0,9
QPQPLIYP,0,8
NN,0,2
PA,1,2
NPPHQIYP,0,8
VE,1,2
DY,1,2
SAEFG,1,5
LPL,1,3
GGGL,1,4
SNGNE,0,5
TDVENLHLPLPL,1,12
FV,1,2
RPKHPIKHQGLPQ,1,13
FKGRYYP,0,7
TR,0,2
GVHGV,0,5
SDEERMDAL,0,9
RGPPFFIV,1,8
DDCPDK,0,6
GGFFGG,1,6
AKYDDIK,1,7
IRA,0,3
LGLR,1,4
PKALSAFK,0,8
AMDDDEADLLLLAM,0,14
LE,1,2
WMHQPHQPLPPTVMFPPQ,1,18
PLG,0,3
LPLQDVYK,1,8
ELEEL,1,5
PIP,1,3
QLFNPSTNPW,1,10
LQL,1,3
EW,1,2
QG,0,2
FSGLDGAK,0,8
EV,1,2
HR,0,2
YFYPEL,1,6
LGGG,1,4
PK,1,2
YLEQLLR,1,7
AIPP,0,4
VVE,0,3
MEK,0,3
AVP,0,3
RGPPFGG,1,7
GPFPI,1,5
SPPPG,1,5
LLL,1,3
GII,1,3
DPDGW,0,5
AAAAAA,0,6
PANIKWGD,0,8
CKEVVRNANE,0,10
DEDFKREP,0,8
LF,1,2
RRPPFFF,1,7
EVC,0,3
LYP,0,3
IPA,0,3
EEV,1,3
IRAQQ,0,5
RGGFIV,1,6
NNEDT,1,5
NVNPWHN,0,7
LGP,0,3
AGKNTNGSQF,1,10
GLDIQK,0,6
LLLHALL,1,7
KFY,0,3
TDEE,0,4
GF,1,2
VY,1,2
LQ,1,2
RPKHPIK,1,7
TPLVDR,1,6
PEVF,1,4
TYNPR,1,5
RMLGNTPTK,0,9
GSSHEVD,1,7
FNQ,0,3
YFL,1,3
IPP,0,3
RMP,0,3
CSQ,0,3
VYPFPPGINH,1,10
IPAVF,1,5
EVLK,0,4
IEE,1,3
WGSEPIRIQ,1,9
PG,1,2
NAMFV,1,5
PF,1,2
NG,0,2
QY,0,2
VVAPFPE,1,7
GH,0,2
NALPE,1,5
VIFGETLTGR,1,10
FFF,1,3
KPPFIV,1,6
YVDPNVLPE,1,9
MI,1,2
HWDRSNWF,1,8
GGRPFFGG,1,8
HFR,1,3
VRGPR,0,5
VPPFLQ,1,6
RPFFGG,1,6
RGPPGGFF,1,8
GW,1,2
MKG,0,3
VP,0,2
VEDEDEKPKEK,0,11
RGPFIV,1,6
GPA,0,3
VEVFAPPF,1,8
GGL,1,3
LVYPFPGPIPNSLPQNIPP,0,19
EDIAMEK,0,7
DL,1,2
RGPFPI,1,6
RGPPGIG,1,7
RGPPFFF,1,7
WL,1,2
CPR,0,3
THEA,0,4
FFPP,1,4
AVPYPQR,0,7
DMPIQAFLLYQQPVLGPVR,0,19
LPP,0,3
RPFF,1,4
LLLL,1,4
FAQTQSLVYP,0,10
KP,1,2
ASLDGEFKG,0,9
EDPFAED,0,7
AG,0,2
GGP,1,3
GPFF,1,4
TESSSE,0,6
GKP,0,3
FGASTRGA,0,8
EEN,1,3
QTQSLVYP,0,8
FPP,1,3
LAGNQEEE,1,8
VL,1,2
PC,0,2
HPIK,0,4
HPI,1,3
PVLVQR,0,6
YE,1,2
PQR,0,3
VGYDAE,0,6
GPPFIV,1,6
AMPKPW,0,6
RGPPFIV,1,7
HKDDSPDLPK,0,10
APFPE,1,5
AADESERM,0,8
KDFPEAHSQAT,0,11
LVYPFPGPIHN,1,11
FAP,0,3
PFPP,1,4
NALEPDHRVE,1,10
LKVGVKQY,0,8
TAY,0,3
ALDPLPT,0,7
EL,1,2
KDERF,0,5
KR,0,2
RRPPGF,1,6
GPTAANRM,1,8
IF,1,2
AYFYPEL,1,7
QTFNTEEDTAK,1,11
AR,0,2
SG,0,2
QSLVYP,0,6
SLA,1,3
TGDPEK,0,6
LIDVDGKPQ,1,9
VYPFPPIGNH,1,10
FYPELFR,1,7
EQGGEQG,1,7
INK,0,3
VYPFPPG,1,7
SPE,0,3
EEL,0,3
KLHENIAR,1,8
KPK,1,3
FFSDKIAK,1,8
KALSEEL,0,7
AFP,0,3
STLDAEVR,0,8
RY,1,2
ENG,0,3
ER,0,2
GPVGYGYEY,1,9
YY,1,2
LP,1,2
TPL,0,3
AD,1,2
TQTPVVVPPFLQPE,1,14
RGPPGFF,1,7
QSKVLPVPQ,1,9
EIVPNSVEQK,1,10
DG,1,2
ESLPALP,0,7
IWHHT,0,5
DGFP,1,4
PLIYP,0,5
VVPPFL,1,6
NAVPITPTLNREQ,0,13
RS,0,2
PFPGPIPNS,1,9
DLL,1,3
LLG,1,3
PQVF,1,4
DEL,0,3
HSGIQSEPKAIP,0,12
PKAIP,0,5
ALDELGT,0,7
AELTPEP,0,7
LEER,0,4
PIYEGY,1,6
IL,1,2
AVPYP,0,5
LLLLPKP,1,7
KGD,0,3
PSY,0,3
AV,1,2
TTMPLW,1,6
NALPW,1,5
RDH,0,3
KDEEEEVESGPDAPLPAE,0,18
AGE,0,3
DGEKVDFDD,0,9
SM,0,2
EPAD,1,4
FFGG,1,4
TYLPVH,1,6
DLSESV,0,6
LPFNQL,1,6
DDPKLVH,1,7
PVRAVP,0,6
AEEVEEERLK,0,10
LDFR,1,4
VF,1,2
PTHIKWGD,0,8
GMIYPG,1,6
GLGG,1,4
KG,1,2
SSAVK,0,5
AMAPKHKEMPFPKYPVEPF,1,19
PPFL,1,4
FHSGIQSEPKAIP,0,13
LSP,0,3
SNGDDE,0,6
HEEDKEGE,0,8
LRL,1,3
LDELEK,0,6
FL,1,2
FFVAPFPEVF,1,10
WD,0,2
CWLPVY,0,6
GSAQEVD,1,7
EQPQQNE,1,7
LEF,0,3
KGRYER,0,6
RRPPFF,1,6
ISIEDVEESRNK,1,12
QLFNPS,1,6
VAEQE,1,5
RD,0,2
KGDEE,0,5
GGGLG,1,5
PDVQAAFQK,0,9
RG,1,2
VIPFPGR,1,7
LPVDE,0,5
LEDKVE,0,6
LQQ,0,3
EEDQ,0,4
KDQP,0,4
PVRGPFPIIV,1,10
AMKPW,0,5
DEE,0,3
HL,0,2
SPV,0,3
SDNF,0,4
SIIDT,1,5
WDDMEK,0,6
ALPMH,0,5
ES,0,2
NK,0,2
IYPGCP,1,6
SL,1,2
PR,1,2
YPVEPFTER,1,9
GETGEAGER,0,9
RRPPPFFF,1,8
DAPYDYK,0,7
TDVAHR,0,6
AYFYPELF,1,8
MKY,0,3
GDAP,0,4
KAEVQLDGGK,0,10
EVLN,1,4
KVREGT,0,6
DD,0,2
RGPPFI,1,6
NWGPLV,0,6
FF,1,2
RMLGQTPWK,0,9
EVDRLLKN,1,8
AQALQAQA,0,8
NMAINPSKENL,0,11
AGNPDIEHPE,1,10
AW,0,2
APHGKEMPFPKYPVEPF,1,17
NF,0,2
GS,0,2
LYQTPIVLNPW,1,11
DQEDLDESLIGVK,0,13
ESKIL,1,5
IAMEK,1,5
AFGRSIVN,1,8
APFPEVFG,1,8
HANR,0,4
GGLGG,1,5
NQS,0,3
FRDEH,0,5
DM,1,2
LVE,0,3
GI,1,2
ISKEK,0,5
KAVPYPPQ,1,8
AM,0,2
YGY,1,3
FWN,0,3
ILP,0,3
AEEHVEAVN,0,9
TLTDVEK,0,7
DIQPEER,0,7
LVL,1,3
TF,0,2
QLFNPSTNPWH,1,11
PE,0,2
FQP,1,3
EY,1,2
MAPKHKEMPFPKYPVEPF,1,18
RM,0,2
SADETPR,0,7
FFVAPFPEVFGK,1,12
YPFPGPIHN,1,9
IIVFGRQLL,1,9
DPRVI,0,5
YVGDEAQSKRG,0,11
ADHDLPF,0,7
NH,1,2
AAAA,0,4
FT,1,2
MNPPK,0,5
QEQEAKKR,0,8
TEF,0,3
HYKGSSF,1,7
CF,0,2
GVW,0,3
HSISDLQ,0,7
VPEPEPH,0,7
TGESGAGKTVNTKR,0,14
PFPIIV,1,6
APAP,0,4
DALAHK,0,6
VPPFLE,1,6
WE,1,2
VYPFPPGIGG,1,10
YPFPGPIPNS,1,10
LPFSQL,1,6
VYPF,1,4
VLSLNSGTEAVEAAIK,0,16
NALPL,1,5
NPP,0,3
DAWP,0,4
EG,1,2
LYER,0,4
YPFPGPIHNS,1,10
EKDERF,0,6
EERAESGES,0,9
GYY,1,3
PEEL,0,4
TEDWGR,0,6
GFP,1,3
RGPPFF,1,6
IAKYIPI,1,7
PSKIKWGD,0,8
TVAGGAWTYNTTSAVTVK,0,18
LSSPATLNSR,0,10
LIR,1,3
LRF,1,3
RGPPFIIV,1,8
EI,1,2
RRPP,1,4
NALPR,1,5
NLRDNYRF,1,8
AHSY,0,4
LA,1,2
TWKE,0,4
FGGF,1,4
KW,0,2
IW,1,2
NWDDMEK,0,7
MHQPHQPLPPTVMFPPQSVL,0,20
LW,1,2
NALKPD,1,6
DGF,0,3
PLL,1,3
GPVRGPFP,1,8
QVPQPIP,0,7
RGPPGGF,1,7
FEE,0,3
MLKKKKLA,0,8
RGEPNND,0,7
LQKW,0,4
SDSCIR,0,6
SEASNNK,0,7
RPGFF,1,5
YP,1,2
RGPPGFG,1,7
LPPP,0,4
NFNNQLDQQTPR,1,12
FFVAPFPQVFGK,1,12
PQTLALP,0,7
YPF,1,3
SFQPQPLIYP,0,10
GSAQA,0,5
MY,0,2
QLQ,1,3
LPLLEEAFLSR,1,11
ESHQQTLDD,0,9
AMKLEKENAL,0,10
SD,0,2
ATQ,0,3
PAATIPE,1,7
IYK,0,3
PFP,1,3
ELL,1,3
AGFAGDDAPR,0,10
DTEEVEHGEE,0,10
SGIQSEPKAIP,0,11
EAF,0,3
SFE,0,3
IWH,0,3
NAVPIPTPTLNREQ,0,14
SHP,0,3
ALPP,0,4
EKVNELSK,0,8
VV,1,2
II,1,2
VVVPPFL,1,7
SEEG,0,4
ALKAWSVAR,0,9
GLL,1,3
RGPPGF,1,6
DV,1,2
GFF,1,3
RGENESEEEGAIVT,0,14
VIF,1,3
DEEYPDLS,1,8
PVVVPPFLQPEVM,1,13
PGPIP,1,5
LI,1,2
AIA,1,3
WGDDP,0,5
EATLWDMEEK,1,10
MEIDD,1,5
LVKGGLIP,1,8
VRGPFP,1,6
TG,1,2
HQPHQPLPPTVMFPPQSVL,0,19
FFPG,1,4
LTPEPEH,0,7
MNP,0,3
IKDPHVD,0,7
IK,1,2
YYG,1,3
EEEQR,0,5
YGESDL,0,6
IR,0,2
IQSEPKAIP,0,9
PGP,1,3
AAA,0,3
PVLGPV,1,6
IGI,1,3
VAPFPEVF,1,8
PS,0,2
RGPPF,1,5
RL,1,2
GETGEAGERG,0,10
LGGGG,1,5
RGPPGGGFF,1,9
RGPKPIIV,1,8
VVVPP,1,5
SGVQ,0,4
IV,1,2
YEGNS,1,5
LIYP,0,4
IKPLNY,0,6
KA,1,2
YTCE,0,4
LIY,0,3
YTTD,0,4
YYY,1,3
EEY,0,3
GK,0,2
FLL,1,3
AGVEDVY,0,7
WR,1,2
KAVPYPQ,1,7
GRP,1,3
IG,1,2
AVLEEAQKVELK,0,12
DPPFIV,1,6
RLL,1,3
FALPQY,0,6
ADGLWL,1,6
SLADEEKG,0,8
VVVV,1,4
GGF,1,3
APFPEVF,1,7
MTTFTW,0,6
CRD,0,3
DETL,0,4
FRAEHPL,0,7
FRDEHQ,0,6
GPV,0,3
ALTSLDGEFKG,0,11
TVDGPSH,0,7
AIYK,0,4
VLPVPQ,1,6
RPG,1,3
GR,1,2
EK,0,2
RA,0,2
VIFPPGR,1,7
LT,1,2
AMEK,0,4
NALPS,1,5
RP,1,2
PVL,0,3
SAYPGQITSN,0,10
RGPFPIV,1,7
NENLL,1,5
ADL,0,3
EPMIGVNQELAYFYPELFR,0,19
GLG,1,3
GDSG,0,4
IP,1,2
GKKVLQ,0,6
DGC,0,3
ADE,1,3
PFIV,1,4
TDVENLHLPPLL,1,12
CE,0,2
FEA,0,3
IQKELQF,1,7
LPDEAR,0,6
QK,0,2
QIVK,0,4
WW,1,2
PNSHP,0,5
KEE,0,3
EE,1,2
FDGK,0,4
VPVDILDHDNN,1,11
IYPRY,0,5
GPG,1,3
LK,1,2
VPLGTQYTDAPSF,1,13
ECG,0,3
APYLR,1,5
KE,0,2
KD,0,2
EEFLK,1,5
KLNDAQAPK,0,9
LQP,0,3
LKPMN,0,5
VENLHLPLPLLQSW,1,14
