motif_id,motif_name,alt_id,position,amino_acid,probability
motif_1,QMH,MEME-1,1,A,0.0
motif_1,QMH,MEME-1,1,C,0.0
motif_1,QMH,MEME-1,1,D,0.0
motif_1,QMH,MEME-1,1,E,0.0
motif_1,QMH,MEME-1,1,F,0.0
motif_1,QMH,MEME-1,1,G,0.0
motif_1,QMH,MEME-1,1,H,0.0
motif_1,QMH,MEME-1,1,I,0.0
motif_1,QMH,MEME-1,1,K,0.0
motif_1,QMH,MEME-1,1,L,0.0
motif_1,QMH,MEME-1,1,M,0.0
motif_1,QMH,MEME-1,1,N,0.0
motif_1,QMH,MEME-1,1,P,0.0
motif_1,QMH,MEME-1,1,Q,1.0
motif_1,QMH,MEME-1,1,R,0.0
motif_1,QMH,MEME-1,1,S,0.0
motif_1,QMH,MEME-1,1,T,0.0
motif_1,QMH,MEME-1,1,V,0.0
motif_1,QMH,MEME-1,1,W,0.0
motif_1,QMH,MEME-1,1,Y,0.0
motif_1,QMH,MEME-1,2,A,0.0
motif_1,QMH,MEME-1,2,C,0.0
motif_1,QMH,MEME-1,2,D,0.0
motif_1,QMH,MEME-1,2,E,0.0
motif_1,QMH,MEME-1,2,F,0.0
motif_1,QMH,MEME-1,2,G,0.0
motif_1,QMH,MEME-1,2,H,0.0
motif_1,QMH,MEME-1,2,I,0.0
motif_1,QMH,MEME-1,2,K,0.0
motif_1,QMH,MEME-1,2,L,0.0
motif_1,QMH,MEME-1,2,M,1.0
motif_1,QMH,MEME-1,2,N,0.0
motif_1,QMH,MEME-1,2,P,0.0
motif_1,QMH,MEME-1,2,Q,0.0
motif_1,QMH,MEME-1,2,R,0.0
motif_1,QMH,MEME-1,2,S,0.0
motif_1,QMH,MEME-1,2,T,0.0
motif_1,QMH,MEME-1,2,V,0.0
motif_1,QMH,MEME-1,2,W,0.0
motif_1,QMH,MEME-1,2,Y,0.0
motif_1,QMH,MEME-1,3,A,0.0
motif_1,QMH,MEME-1,3,C,0.0
motif_1,QMH,MEME-1,3,D,0.0
motif_1,QMH,MEME-1,3,E,0.0
motif_1,QMH,MEME-1,3,F,0.0
motif_1,QMH,MEME-1,3,G,0.0
motif_1,QMH,MEME-1,3,H,1.0
motif_1,QMH,MEME-1,3,I,0.0
motif_1,QMH,MEME-1,3,K,0.0
motif_1,QMH,MEME-1,3,L,0.0
motif_1,QMH,MEME-1,3,M,0.0
motif_1,QMH,MEME-1,3,N,0.0
motif_1,QMH,MEME-1,3,P,0.0
motif_1,QMH,MEME-1,3,Q,0.0
motif_1,QMH,MEME-1,3,R,0.0
motif_1,QMH,MEME-1,3,S,0.0
motif_1,QMH,MEME-1,3,T,0.0
motif_1,QMH,MEME-1,3,V,0.0
motif_1,QMH,MEME-1,3,W,0.0
motif_1,QMH,MEME-1,3,Y,0.0
motif_2,LHK,MEME-2,1,A,0.0
motif_2,LHK,MEME-2,1,C,0.0
motif_2,LHK,MEME-2,1,D,0.0
motif_2,LHK,MEME-2,1,E,0.0
motif_2,LHK,MEME-2,1,F,0.0
motif_2,LHK,MEME-2,1,G,0.0
motif_2,LHK,MEME-2,1,H,0.0
motif_2,LHK,MEME-2,1,I,0.0
motif_2,LHK,MEME-2,1,K,0.0
motif_2,LHK,MEME-2,1,L,1.0
motif_2,LHK,MEME-2,1,M,0.0
motif_2,LHK,MEME-2,1,N,0.0
motif_2,LHK,MEME-2,1,P,0.0
motif_2,LHK,MEME-2,1,Q,0.0
motif_2,LHK,MEME-2,1,R,0.0
motif_2,LHK,MEME-2,1,S,0.0
motif_2,LHK,MEME-2,1,T,0.0
motif_2,LHK,MEME-2,1,V,0.0
motif_2,LHK,MEME-2,1,W,0.0
motif_2,LHK,MEME-2,1,Y,0.0
motif_2,LHK,MEME-2,2,A,0.0
motif_2,LHK,MEME-2,2,C,0.0
motif_2,LHK,MEME-2,2,D,0.0
motif_2,LHK,MEME-2,2,E,0.0
motif_2,LHK,MEME-2,2,F,0.0
motif_2,LHK,MEME-2,2,G,0.0
motif_2,LHK,MEME-2,2,H,1.0
motif_2,LHK,MEME-2,2,I,0.0
motif_2,LHK,MEME-2,2,K,0.0
motif_2,LHK,MEME-2,2,L,0.0
motif_2,LHK,MEME-2,2,M,0.0
motif_2,LHK,MEME-2,2,N,0.0
motif_2,LHK,MEME-2,2,P,0.0
motif_2,LHK,MEME-2,2,Q,0.0
motif_2,LHK,MEME-2,2,R,0.0
motif_2,LHK,MEME-2,2,S,0.0
motif_2,LHK,MEME-2,2,T,0.0
motif_2,LHK,MEME-2,2,V,0.0
motif_2,LHK,MEME-2,2,W,0.0
motif_2,LHK,MEME-2,2,Y,0.0
motif_2,LHK,MEME-2,3,A,0.0
motif_2,LHK,MEME-2,3,C,0.0
motif_2,LHK,MEME-2,3,D,0.0
motif_2,LHK,MEME-2,3,E,0.0
motif_2,LHK,MEME-2,3,F,0.0
motif_2,LHK,MEME-2,3,G,0.0
motif_2,LHK,MEME-2,3,H,0.0
motif_2,LHK,MEME-2,3,I,0.0
motif_2,LHK,MEME-2,3,K,1.0
motif_2,LHK,MEME-2,3,L,0.0
motif_2,LHK,MEME-2,3,M,0.0
motif_2,LHK,MEME-2,3,N,0.0
motif_2,LHK,MEME-2,3,P,0.0
motif_2,LHK,MEME-2,3,Q,0.0
motif_2,LHK,MEME-2,3,R,0.0
motif_2,LHK,MEME-2,3,S,0.0
motif_2,LHK,MEME-2,3,T,0.0
motif_2,LHK,MEME-2,3,V,0.0
motif_2,LHK,MEME-2,3,W,0.0
motif_2,LHK,MEME-2,3,Y,0.0
motif_3,PCD,MEME-3,1,A,0.0
motif_3,PCD,MEME-3,1,C,0.0
motif_3,PCD,MEME-3,1,D,0.0
motif_3,PCD,MEME-3,1,E,0.0
motif_3,PCD,MEME-3,1,F,0.0
motif_3,PCD,MEME-3,1,G,0.0
motif_3,PCD,MEME-3,1,H,0.0
motif_3,PCD,MEME-3,1,I,0.0
motif_3,PCD,MEME-3,1,K,0.0
motif_3,PCD,MEME-3,1,L,0.0
motif_3,PCD,MEME-3,1,M,0.0
motif_3,PCD,MEME-3,1,N,0.0
motif_3,PCD,MEME-3,1,P,1.0
motif_3,PCD,MEME-3,1,Q,0.0
motif_3,PCD,MEME-3,1,R,0.0
motif_3,PCD,MEME-3,1,S,0.0
motif_3,PCD,MEME-3,1,T,0.0
motif_3,PCD,MEME-3,1,V,0.0
motif_3,PCD,MEME-3,1,W,0.0
motif_3,PCD,MEME-3,1,Y,0.0
motif_3,PCD,MEME-3,2,A,0.0
motif_3,PCD,MEME-3,2,C,1.0
motif_3,PCD,MEME-3,2,D,0.0
motif_3,PCD,MEME-3,2,E,0.0
motif_3,PCD,MEME-3,2,F,0.0
motif_3,PCD,MEME-3,2,G,0.0
motif_3,PCD,MEME-3,2,H,0.0
motif_3,PCD,MEME-3,2,I,0.0
motif_3,PCD,MEME-3,2,K,0.0
motif_3,PCD,MEME-3,2,L,0.0
motif_3,PCD,MEME-3,2,M,0.0
motif_3,PCD,MEME-3,2,N,0.0
motif_3,PCD,MEME-3,2,P,0.0
motif_3,PCD,MEME-3,2,Q,0.0
motif_3,PCD,MEME-3,2,R,0.0
motif_3,PCD,MEME-3,2,S,0.0
motif_3,PCD,MEME-3,2,T,0.0
motif_3,PCD,MEME-3,2,V,0.0
motif_3,PCD,MEME-3,2,W,0.0
motif_3,PCD,MEME-3,2,Y,0.0
motif_3,PCD,MEME-3,3,A,0.0
motif_3,PCD,MEME-3,3,C,0.0
motif_3,PCD,MEME-3,3,D,1.0
motif_3,PCD,MEME-3,3,E,0.0
motif_3,PCD,MEME-3,3,F,0.0
motif_3,PCD,MEME-3,3,G,0.0
motif_3,PCD,MEME-3,3,H,0.0
motif_3,PCD,MEME-3,3,I,0.0
motif_3,PCD,MEME-3,3,K,0.0
motif_3,PCD,MEME-3,3,L,0.0
motif_3,PCD,MEME-3,3,M,0.0
motif_3,PCD,MEME-3,3,N,0.0
motif_3,PCD,MEME-3,3,P,0.0
motif_3,PCD,MEME-3,3,Q,0.0
motif_3,PCD,MEME-3,3,R,0.0
motif_3,PCD,MEME-3,3,S,0.0
motif_3,PCD,MEME-3,3,T,0.0
motif_3,PCD,MEME-3,3,V,0.0
motif_3,PCD,MEME-3,3,W,0.0
motif_3,PCD,MEME-3,3,Y,0.0
motif_4,DPDG,MEME-4,1,A,0.0
motif_4,DPDG,MEME-4,1,C,0.0
motif_4,DPDG,MEME-4,1,D,1.0
motif_4,DPDG,MEME-4,1,E,0.0
motif_4,DPDG,MEME-4,1,F,0.0
motif_4,DPDG,MEME-4,1,G,0.0
motif_4,DPDG,MEME-4,1,H,0.0
motif_4,DPDG,MEME-4,1,I,0.0
motif_4,DPDG,MEME-4,1,K,0.0
motif_4,DPDG,MEME-4,1,L,0.0
motif_4,DPDG,MEME-4,1,M,0.0
motif_4,DPDG,MEME-4,1,N,0.0
motif_4,DPDG,MEME-4,1,P,0.0
motif_4,DPDG,MEME-4,1,Q,0.0
motif_4,DPDG,MEME-4,1,R,0.0
motif_4,DPDG,MEME-4,1,S,0.0
motif_4,DPDG,MEME-4,1,T,0.0
motif_4,DPDG,MEME-4,1,V,0.0
motif_4,DPDG,MEME-4,1,W,0.0
motif_4,DPDG,MEME-4,1,Y,0.0
motif_4,DPDG,MEME-4,2,A,0.0
motif_4,DPDG,MEME-4,2,C,0.0
motif_4,DPDG,MEME-4,2,D,0.0
motif_4,DPDG,MEME-4,2,E,0.0
motif_4,DPDG,MEME-4,2,F,0.0
motif_4,DPDG,MEME-4,2,G,0.0
motif_4,DPDG,MEME-4,2,H,0.0
motif_4,DPDG,MEME-4,2,I,0.0
motif_4,DPDG,MEME-4,2,K,0.0
motif_4,DPDG,MEME-4,2,L,0.0
motif_4,DPDG,MEME-4,2,M,0.0
motif_4,DPDG,MEME-4,2,N,0.0
motif_4,DPDG,MEME-4,2,P,1.0
motif_4,DPDG,MEME-4,2,Q,0.0
motif_4,DPDG,MEME-4,2,R,0.0
motif_4,DPDG,MEME-4,2,S,0.0
motif_4,DPDG,MEME-4,2,T,0.0
motif_4,DPDG,MEME-4,2,V,0.0
motif_4,DPDG,MEME-4,2,W,0.0
motif_4,DPDG,MEME-4,2,Y,0.0
motif_4,DPDG,MEME-4,3,A,0.0
motif_4,DPDG,MEME-4,3,C,0.0
motif_4,DPDG,MEME-4,3,D,1.0
motif_4,DPDG,MEME-4,3,E,0.0
motif_4,DPDG,MEME-4,3,F,0.0
motif_4,DPDG,MEME-4,3,G,0.0
motif_4,DPDG,MEME-4,3,H,0.0
motif_4,DPDG,MEME-4,3,I,0.0
motif_4,DPDG,MEME-4,3,K,0.0
motif_4,DPDG,MEME-4,3,L,0.0
motif_4,DPDG,MEME-4,3,M,0.0
motif_4,DPDG,MEME-4,3,N,0.0
motif_4,DPDG,MEME-4,3,P,0.0
motif_4,DPDG,MEME-4,3,Q,0.0
motif_4,DPDG,MEME-4,3,R,0.0
motif_4,DPDG,MEME-4,3,S,0.0
motif_4,DPDG,MEME-4,3,T,0.0
motif_4,DPDG,MEME-4,3,V,0.0
motif_4,DPDG,MEME-4,3,W,0.0
motif_4,DPDG,MEME-4,3,Y,0.0
motif_4,DPDG,MEME-4,4,A,0.0
motif_4,DPDG,MEME-4,4,C,0.0
motif_4,DPDG,MEME-4,4,D,0.0
motif_4,DPDG,MEME-4,4,E,0.0
motif_4,DPDG,MEME-4,4,F,0.0
motif_4,DPDG,MEME-4,4,G,1.0
motif_4,DPDG,MEME-4,4,H,0.0
motif_4,DPDG,MEME-4,4,I,0.0
motif_4,DPDG,MEME-4,4,K,0.0
motif_4,DPDG,MEME-4,4,L,0.0
motif_4,DPDG,MEME-4,4,M,0.0
motif_4,DPDG,MEME-4,4,N,0.0
motif_4,DPDG,MEME-4,4,P,0.0
motif_4,DPDG,MEME-4,4,Q,0.0
motif_4,DPDG,MEME-4,4,R,0.0
motif_4,DPDG,MEME-4,4,S,0.0
motif_4,DPDG,MEME-4,4,T,0.0
motif_4,DPDG,MEME-4,4,V,0.0
motif_4,DPDG,MEME-4,4,W,0.0
motif_4,DPDG,MEME-4,4,Y,0.0
motif_5,DPDG,MEME-5,1,A,0.0
motif_5,DPDG,MEME-5,1,C,0.0
motif_5,DPDG,MEME-5,1,D,1.0
motif_5,DPDG,MEME-5,1,E,0.0
motif_5,DPDG,MEME-5,1,F,0.0
motif_5,DPDG,MEME-5,1,G,0.0
motif_5,DPDG,MEME-5,1,H,0.0
motif_5,DPDG,MEME-5,1,I,0.0
motif_5,DPDG,MEME-5,1,K,0.0
motif_5,DPDG,MEME-5,1,L,0.0
motif_5,DPDG,MEME-5,1,M,0.0
motif_5,DPDG,MEME-5,1,N,0.0
motif_5,DPDG,MEME-5,1,P,0.0
motif_5,DPDG,MEME-5,1,Q,0.0
motif_5,DPDG,MEME-5,1,R,0.0
motif_5,DPDG,MEME-5,1,S,0.0
motif_5,DPDG,MEME-5,1,T,0.0
motif_5,DPDG,MEME-5,1,V,0.0
motif_5,DPDG,MEME-5,1,W,0.0
motif_5,DPDG,MEME-5,1,Y,0.0
motif_5,DPDG,MEME-5,2,A,0.0
motif_5,DPDG,MEME-5,2,C,0.0
motif_5,DPDG,MEME-5,2,D,0.0
motif_5,DPDG,MEME-5,2,E,0.0
motif_5,DPDG,MEME-5,2,F,0.0
motif_5,DPDG,MEME-5,2,G,0.0
motif_5,DPDG,MEME-5,2,H,0.0
motif_5,DPDG,MEME-5,2,I,0.0
motif_5,DPDG,MEME-5,2,K,0.0
motif_5,DPDG,MEME-5,2,L,0.0
motif_5,DPDG,MEME-5,2,M,0.0
motif_5,DPDG,MEME-5,2,N,0.0
motif_5,DPDG,MEME-5,2,P,1.0
motif_5,DPDG,MEME-5,2,Q,0.0
motif_5,DPDG,MEME-5,2,R,0.0
motif_5,DPDG,MEME-5,2,S,0.0
motif_5,DPDG,MEME-5,2,T,0.0
motif_5,DPDG,MEME-5,2,V,0.0
motif_5,DPDG,MEME-5,2,W,0.0
motif_5,DPDG,MEME-5,2,Y,0.0
motif_5,DPDG,MEME-5,3,A,0.0
motif_5,DPDG,MEME-5,3,C,0.0
motif_5,DPDG,MEME-5,3,D,1.0
motif_5,DPDG,MEME-5,3,E,0.0
motif_5,DPDG,MEME-5,3,F,0.0
motif_5,DPDG,MEME-5,3,G,0.0
motif_5,DPDG,MEME-5,3,H,0.0
motif_5,DPDG,MEME-5,3,I,0.0
motif_5,DPDG,MEME-5,3,K,0.0
motif_5,DPDG,MEME-5,3,L,0.0
motif_5,DPDG,MEME-5,3,M,0.0
motif_5,DPDG,MEME-5,3,N,0.0
motif_5,DPDG,MEME-5,3,P,0.0
motif_5,DPDG,MEME-5,3,Q,0.0
motif_5,DPDG,MEME-5,3,R,0.0
motif_5,DPDG,MEME-5,3,S,0.0
motif_5,DPDG,MEME-5,3,T,0.0
motif_5,DPDG,MEME-5,3,V,0.0
motif_5,DPDG,MEME-5,3,W,0.0
motif_5,DPDG,MEME-5,3,Y,0.0
motif_5,DPDG,MEME-5,4,A,0.0
motif_5,DPDG,MEME-5,4,C,0.0
motif_5,DPDG,MEME-5,4,D,0.0
motif_5,DPDG,MEME-5,4,E,0.0
motif_5,DPDG,MEME-5,4,F,0.0
motif_5,DPDG,MEME-5,4,G,1.0
motif_5,DPDG,MEME-5,4,H,0.0
motif_5,DPDG,MEME-5,4,I,0.0
motif_5,DPDG,MEME-5,4,K,0.0
motif_5,DPDG,MEME-5,4,L,0.0
motif_5,DPDG,MEME-5,4,M,0.0
motif_5,DPDG,MEME-5,4,N,0.0
motif_5,DPDG,MEME-5,4,P,0.0
motif_5,DPDG,MEME-5,4,Q,0.0
motif_5,DPDG,MEME-5,4,R,0.0
motif_5,DPDG,MEME-5,4,S,0.0
motif_5,DPDG,MEME-5,4,T,0.0
motif_5,DPDG,MEME-5,4,V,0.0
motif_5,DPDG,MEME-5,4,W,0.0
motif_5,DPDG,MEME-5,4,Y,0.0
