sequence,len,label
LSDSM,5,1
LGLDGF,6,1
DPLRGGYY,8,1
FRDEH,5,1
EHAMLN,6,1
EVTFPA,6,0
SEGGR,5,1
PHE,3,0
YSYEL,5,0
EDAP,4,1
EATLWDMEEK,10,1
GLFDVIK,7,0
LGYLEQLLRL,10,0
SWLRDIWD,8,0
TPPKID,6,1
FRHEA,5,0
ELEEELEAERAA,12,1
IAIP,4,0
GIADILKGLLG,11,0
GEI,3,1
KF,2,0
SNGNE,5,1
NPW,3,0
IAYKPE,6,0
EPEPEPEPE,9,1
RWWQVRMYI,9,0
GFLGPQ,6,1
LPRPGP,6,0
SAELLK,6,1
RR,2,0
VKKVFK,6,1
APKPKFIRFG,10,0
FHPHE,5,0
KE,2,1
FRDEHQ,6,1
MEHFRWG,7,0
WADWVRWI,8,0
NRTF,4,1
GPVG,4,0
KRVIQY,6,0
YPEL,4,0
EEDMERSEER,10,1
ITLNNSVALDP,11,0
SVRIQELEDL,10,1
KIFEPLRDKNL,11,0
VGYDAE,6,1
PWV,3,0
PTVEVDLH,8,1
HKDAFIGLM,9,0
ALAV,4,0
LVDKL,5,1
LPYP,4,0
EVLP,4,0
LGLR,4,1
VF,2,1
GPVGYGYE,8,1
VESYVPLFP,9,0
DDALR,5,1
TPPV,4,0
YNEYPPLGR,9,1
FVPISGW,7,1
WRD,3,0
EDQK,4,1
EIPKT,5,0
VEVVALND,8,1
TVIDAPGHRDFI,12,1
KIFEPLVA,8,0
AKKFGKAFVKIL,12,0
QNQLDQMPR,9,1
LSFE,4,1
MIIYRD,6,0
WE,2,0
HDVDFH,6,1
DPYAFGL,7,0
EHWSHGWYPG,10,0
RWAEK,5,0
ADA,3,1
EEDQ,4,1
EQDNDGNNIFSGFKR,15,1
LVNNDDRDSY,10,1
ALDELGT,7,1
YDSTHGRFKGEVK,13,1
LWE,3,0
KVLLLLNFPLLL,12,0
GALEQILQ,8,1
GYGGYGGY,8,0
TIL,3,0
QP,2,1
NFVEFPP,7,0
LL,2,0
GPRG,4,0
EDD,3,1
DQLFPFPRV,9,0
ED,2,1
LTGP,4,0
IAT,3,0
DFKREP,6,1
YP,2,0
KYAFEVVG,8,0
PG,2,0
AQALQAQA,8,1
EVVLQ,5,1
VYRT,4,0
LALKLAGLDI,10,0
RADSYNPR,8,1
SGCVNEL,7,1
DPYKLRP,7,0
DVWWKRLPR,9,0
IMYPGWL,7,0
QVPQPIP,7,0
VTADESQQDVLK,12,1
EGA,3,1
KLLKFIKTLL,10,0
DG,2,1
VAQWR,5,1
RIEVIWRR,8,0
EL,2,1
EFVFLM,6,0
LPHH,4,0
TVPIYEG,7,1
ADC,3,1
IQEL,4,1
VLSLNSGTEAVEAAIK,16,1
EY,2,1
DVWY,4,0
NAMK,4,1
HIKWGD,6,0
EGTAG,5,1
ELPVM,5,0
RGEPAYQGRFL,11,0
GFSFTTTAER,10,1
ERRP,4,0
QEQEAKKR,8,1
QLYAFPRV,8,0
LERM,4,1
RHF,3,0
AYY,3,0
EMQK,4,1
TLGGPTTL,8,1
VEH,3,1
GGKLVVDGHAIT,12,1
DKYHPGY,7,1
AREIALQELGEQAK,14,1
LPP,3,0
GKEKVNELSK,10,1
GHGD,4,1
FCCVFPWCTGCYCC,14,0
FTY,3,0
CE,2,1
TISYEL,6,0
KDRTIDEDEF,10,1
DNLELEDAVHT,11,1
VDV,3,1
IF,2,0
FKKFP,5,1
FRADPFL,7,0
IS,2,0
YYV,3,0
WYE,3,0
WEEF,4,1
ES,2,1
IAYKP,5,0
RYAFEVVG,8,0
TPLVDR,6,1
ARPDNFIRF,9,0
EPHPDEFVGLM,11,0
FRVW,4,0
GEG,3,1
DDLDR,5,1
PKLLLLPKP,9,1
RGFGGAR,7,1
DLTFPA,6,0
MSG,3,1
YDPLAIP,7,0
DEDFKREP,8,1
VAV,3,1
IKHQGLPQEV,10,0
GYLIRK,6,1
ITT,3,0
GWLKKIESIIDAF,13,0
WPKRFWNVW,9,0
SRLLYD,6,0
VKLFPWWNQY,10,0
PK,2,0
SGP,3,0
QFSPENCQGESQPC,14,0
IKWGD,5,0
APGIIPR,7,0
TEF,3,1
PPPP,4,0
TLKYP,5,0
APYSGY,6,1
WVNEEDHL,8,1
LQYLALAALITPKKI,15,0
NGFKYVRSM,9,0
TPIVGQPSIPGGPVR,15,1
EEAKFN,6,1
EFQI,4,0
VPY,3,1
DGYTPRL,7,0
FNVPLYE,7,0
DWTDDVEAR,9,1
LRGEPIRF,8,0
DEDEQPRPIP,10,1
GKPFYPPPIYPEDM,14,0
EANK,4,1
RILKELKNLFK,11,0
ECG,3,1
FAL,3,0
GHENQR,6,1
TEALA,5,1
IITNW,5,0
LYER,4,1
VPAFLRQARCFS,12,1
LVVKRALEVYFV,12,1
DPDGW,5,1
DQLIPFPRV,9,0
RML,3,0
VVLNPVARVE,10,1
VVVGTPGRVF,10,1
PEG,3,1
PHEMQ,5,1
YVDPNVLPE,9,1
GPIN,4,0
EQLIPFPRI,9,0
PTHIK,5,0
LDIDDGF,7,1
LLEYVF,6,0
NPYAFGL,7,0
IRRQGLPE,8,0
QF,2,1
SEPKAIP,7,0
VLPTDQNFILR,11,1
AFDPNDPDMK,10,1
FQLSAER,7,1
FDDLP,5,1
AEPIPY,6,0
WDVFTNWL,8,0
YYD,3,0
VIPEL,5,0
YDFWKVYP,8,0
LWF,3,0
LGP,3,0
IYEPEIA,7,0
YLGYLE,6,0
EPYAFGL,7,0
VWRTGHL,7,0
DYPWFN,6,0
NEFGYSNR,8,1
AADESERM,8,1
LYENKPRRPYI,11,0
KIDE,4,1
FFYY,4,0
FRF,3,0
EPVTLT,6,1
VKL,3,0
LSFNPY,6,0
DAPYDYK,7,1
VHLP,4,0
GYALPHA,7,0
EDEDE,5,1
DA,2,1
LPDSM,5,1
AFVRIL,6,0
PAQPFRFPKH,10,0
EEE,3,1
IEE,3,1
IREFV,5,0
LGGPL,5,1
VNP,3,0
IW,2,0
FNEIIKETST,10,1
RYLPT,5,0
LEIVPK,6,0
DGGRYY,6,1
RGKIVVATL,9,0
RIWAIWRR,8,0
RVLRVVRAAIRI,12,0
FEEPQQPQQRG,11,1
VPPFIQPE,8,0
YTSLIHS,7,0
IVD,3,1
EDEGEQPRPF,10,1
RVLRRVSWV,9,0
DVVF,4,1
KTPKI,5,0
KFPE,4,0
PKALSAFK,8,1
HEEGKIL,7,1
FLPKTLRKFF,10,0
CDFIF,5,0
NALKPDNRIES,11,1
EHGK,4,1
YEEE,4,1
PAATIPE,7,1
WKFALKVDSPDV,12,0
SNGDDE,6,1
GAW,3,0
SGPLRPFF,8,0
FNKEE,5,1
YGLN,4,0
DED,3,1
PR,2,0
MIIYRDL,7,0
DPIIQDRHGG,10,1
VEAL,4,1
RWQEK,5,0
DLYYLMDL,8,0
QVVF,4,0
ILAP,4,0
KSAEN,5,1
LPHF,4,0
AGPSIVH,7,1
LQPEVMG,7,0
NVVAGSDLR,9,1
ARHEI,5,0
RG,2,0
WAPEWVGWI,9,0
WPAGE,5,1
AFGRSIVN,8,1
EVPELN,6,1
RVR,3,0
LRALAKALKHKL,12,0
LYPFVEPI,8,0
LGYL,4,0
SM,2,1
GGE,3,1
VPTGYKP,7,0
NIIGA,5,1
VLPHVVPVIAEHL,13,0
NLINFMEMIRYTIP,14,0
RYLGYLE,7,0
SDEERMDAL,9,1
KWLP,4,0
DSQ,3,1
ENLHLP,6,0
LDFR,4,1
YEAFVK,6,1
FDFHTV,6,0
SGVVAAVNDAAKDFHG,16,1
FDFWDGR,7,1
WDPVL,5,0
DQEDDLDESLIGVK,14,1
KVLPVPE,7,0
SLVLPVPE,8,0
QEEL,4,1
YR,2,0
AGLQFPVGRIGRLLRK,16,0
GVNAMLRK,8,1
KEPNRQWTPR,10,1
VYNEGLPAP,9,0
HIFR,4,0
GILRG,5,0
FAGDDAPR,8,1
LA,2,1
VVPPFIQPE,9,0
IEFFT,5,0
EWPRPQIPP,9,0
GLPQEVLN,8,0
WLRYDA,6,0
DLSESV,6,1
SEEG,4,1
EN,2,1
DATE,4,1
VVYPD,5,0
RLRFD,5,0
KRMYKQAGI,9,0
EEEE,4,1
LLKKRKVVRLIKFLLK,16,0
PFWRRRWRR,9,0
EPE,3,1
LRLKYRRFKYRV,12,0
TDLMN,5,1
VPPGFTPFR,9,0
GQAPRFF,7,0
EEKNPLPDAT,10,1
ME,2,1
YDQ,3,1
LENPSPQAPA,10,0
LRY,3,0
HANR,4,1
ELEDLLEQTRL,11,1
EEQEHT,6,1
LELDKWASAWNWF,13,0
DEL,3,1
WLEPAYQRFL,10,0
FDLIYSV,7,0
NAVPIPTPTLNREQ,14,1
ITTDTPEL,8,1
LKLLKKL,7,0
KALSEEL,7,1
LFSLVLAG,8,0
PEGADKPNK,9,1
QTDEYGNPVH,10,1
FIGP,4,0
PVARMCR,7,1
AELTPEP,7,1
DLYPWFN,7,0
LARL,4,0
QHWSYEFMPG,10,0
QLQ,3,1
PGGVRNG,7,1
DDF,3,1
SVEIPKPFKWNDSF,14,0
VRSY,4,1
REESDFQSSF,10,1
VYHEL,5,0
GLLAFPRV,8,0
LLEYSL,6,0
GLFDVVIGGL,10,0
RLLLRIGRR,9,0
AGDDAPR,7,1
ELY,3,1
LRKKWFW,7,0
QADPKTFYGLM,11,0
IEFFA,5,0
QTFNTEEDTAK,11,1
YTSVITIELS,10,0
MPR,3,0
DDCPDK,6,1
IKKIIKKI,8,0
AIP,3,0
TVAGGAWTYNTTSAVTVK,18,1
IQ,2,0
EIEELR,6,1
LEEEL,5,1
LLEYVW,6,0
HLPPPV,6,0
NY,2,1
GIQKELQF,8,1
KIFEPLR,7,0
SEEK,4,1
DPPFAPRM,8,0
ERRY,4,1
IKDPHVD,7,1
SLIGGLVSAFK,11,0
LSMFTRP,7,0
WEPFP,5,0
LVTLVFV,7,0
FLGFLKNLF,9,0
ILGTIL,6,0
MQAMKLEK,8,1
CSTPELTFC,9,0
EQEEL,5,1
ESHQQTLDD,9,1
RDWPDARG,8,1
KAIP,4,0
QAKIRVRLSA,10,0
VDYP,4,0
IH,2,1
KIPYIL,6,0
GCG,3,1
WL,2,0
IARALFEKKV,10,0
FDGF,4,1
QETFSDLWKLLP,12,0
HKDDSPDLPK,10,1
KAELE,5,1
RF,2,0
FPFEVFGK,8,0
YQLLIRMI,8,0
RGDPAYQRFL,10,0
YYGSNSA,7,1
RGRKLLRR,8,0
FYRI,4,0
MIIYRDLIA,9,0
KWL,3,0
WTHHHSYPRPL,11,0
GFGPE,5,1
AAPY,4,1
QYY,3,0
SWDVFTNWL,9,0
NARIEELEEE,10,1
EDPFAED,7,1
EQEEK,5,1
ASNMSDL,7,1
PGPAGPAGP,9,1
KSQAKEVK,8,1
TRVKEELE,8,1
LIDVDGKPQ,9,1
QIVK,4,1
QPQAFP,6,0
TERGYSF,7,1
GYHLMSFPQAAPHGVVFLHVTW,22,0
VEDEDEKPKEK,11,1
TVYQ,4,0
PQRDMP,6,0
LQS,3,1
RKPPFNGSIF,10,0
GQVPP,5,0
VPK,3,0
PECGLVVG,8,1
KYL,3,0
DQPFFHYN,8,0
GIPLPLI,7,0
NPYVPR,6,0
IK,2,0
IRHQGLPQE,9,0
FPWFNQYVKL,10,0
AYPS,4,0
RWE,3,0
YPVEPFT,7,0
EED,3,1
EGS,3,1
EYPPLGRFA,9,1
PEEL,4,1
GEDFDNKLV,9,1
QAEADAR,7,1
VADLMR,6,1
IVF,3,0
LPEEV,5,1
YY,2,0
FEF,3,1
SLGFGGPPGY,10,1
EIIIIVGG,8,0
APP,3,0
FDGK,4,1
LEER,4,1
DVTFPA,6,0
VIRW,4,0
KTDLNFENL,9,1
QDTW,4,1
YEAP,4,0
LGKSEDDVSK,10,1
DALAHK,6,1
EGSTIGLSK,9,1
RD,2,1
AEASALR,7,1
DEE,3,1
TPE,3,1
WRRRIR,6,0
ESLA,4,1
YVLSR,5,0
NNLLRA,6,0
DEPKPDQFVGLM,12,0
FVYRGWRRK,9,0
GGKNDNFIRF,10,0
YQK,3,0
NGG,3,1
AEVKKAP,7,1
TKPR,4,0
SE,2,1
GSFAFLV,7,0
GSFVPRL,7,0
APAP,4,1
QADPNKFYGLM,11,0
APSLRLRF,8,0
EP,2,1
DAT,3,1
RHE,3,0
AHSVRFY,7,1
FREGDL,6,1
VAQWRKCL,8,1
IG,2,0
NVPIYQEPRF,10,0
ENG,3,1
IVVE,4,0
YQEPVLG,7,0
FPLEMMPF,8,0
FEDFVLGFI,9,0
PIYEGY,6,1
VPEPEPH,7,1
VE,2,1
DEELNKLK,8,1
LPLP,4,0
LGV,3,0
YDTELKLPEESN,12,1
FCEIIAILK,9,1
SAALQAG,7,1
KEIW,4,0
FDSL,4,1
FQEY,4,1
RIWVIWDR,8,0
YTCE,4,1
GPDPER,6,1
TGESGAGKTVNTKR,14,1
YPSYGLNYY,9,0
DDE,3,1
IDEQHPR,7,1
IPIPATKT,8,1
ETPDCFWKYCV,11,0
RADHPFL,7,0
FL,2,0
VPYPQRDMPIQAFL,14,0
NSDSM,5,1
EQLEATVQKLDESR,14,1
DQAIPNKPEE,10,1
NAEG,4,1
RYNWYGQLR,9,0
KIEL,4,0
SAEQK,5,1
DAPLPHPNR,9,1
DREKFDE,7,1
GVHHA,5,0
INEL,4,1
DHAEQDVR,8,1
FDELLEK,7,1
LFV,3,0
LELR,4,1
KPWERL,6,0
QPNPNEFFGLM,11,0
LPR,3,0
EDCS,4,1
PPMF,4,1
EEK,3,1
EAVEKPQS,8,1
FLNQDEEAR,9,1
YPTPYDI,7,0
YKIFEPL,7,0
PFPE,4,0
LI,2,0
GLFDVIKKV,9,0
EGEEEWDREG,10,1
KWEKPF,6,0
FVEPIP,6,0
KVFP,4,0
AF,2,0
FSGLDGSK,8,1
WGDL,4,1
HTFEPGV,7,0
LDLAKHVIGIASKL,14,0
SSAVK,5,1
EDV,3,1
DHVPFLRF,8,0
LLLLPKP,7,1
IISYEL,6,0
SPP,3,0
CALTP,5,1
YTVF,4,0
EPFKISIHL,9,0
QLSELLRAGSSPNL,14,1
SVYGSIYAIA,10,1
VGPDDDEKSW,10,1
DEGEQPRPFP,10,1
DAL,3,1
VIDNDPRS,8,1
PE,2,1
VGRPEWW,7,0
DFWDGR,6,1
YAGFLR,6,0
PPYAFEVVG,9,0
VEL,3,1
LGTQY,5,0
DEELNKLL,8,1
TVGGILIHFL,10,1
LPLQD,5,1
KPRPDQFYGLM,11,0
QPSKDAFIGLM,11,0
AGFAGDDAPR,10,1
YLYEIA,6,0
WTEPAYQRFL,10,0
FDRPFL,6,0
ESCAPQL,7,1
LPVYD,5,0
LTVLPW,6,0
HKIPVKY,7,1
ENE,3,1
TEDWGR,6,1
RIWVDWRR,8,0
YPFVEPI,7,0
FISDQSRRKDLSDRPLPE,18,0
EEDGK,5,1
LEDKVE,6,1
IEP,3,0
ALILTLVS,8,0
EFFSNYDTRL,10,1
GPETAFFRL,9,0
ISSEVHIPL,9,0
EPLCNQ,6,1
LEQL,4,1
DVNNPANQLD,10,1
RRLL,4,1
LM,2,1
IMEALAGAGIDPRR,14,1
IAPG,4,0
EEI,3,1
FGEKL,5,1
WEDWVRWA,8,0
LQPLNAH,7,1
VEESRPGAIA,10,1
GDFAFNPRL,9,0
PQEVLP,6,0
FREGDI,6,1
AGCD,4,1
WEPIR,5,0
AVPYPQR,7,0
STELFK,6,1
LGEYGFQNALIVR,13,1
KGLWE,5,0
LHA,3,0
ILPLVGNLLNDLL,13,0
IRYLPRG,7,0
WLYKREDY,8,0
ASL,3,0
QTYKWETFL,9,0
FSGLDGAK,8,1
KGWHKRKK,8,0
GIWSDLAEIIKKF,13,0
LIAP,4,0
VYY,3,0
PSE,3,1
YMFHLMD,7,0
LVKGGLIP,8,1
KLP,3,0
NPR,3,0
PRPGPRP,7,0
ELQK,4,1
SGDAW,5,1
RDETLDDW,8,1
DLTK,4,1
VPVDILDHDNN,11,1
CKYLLKWR,8,0
NPRWFWD,7,0
AEPE,4,1
FDDGWESR,8,1
HEAEEVHEE,9,1
HGEDKEGE,8,1
YQEPVLGP,8,0
EQFPGAND,8,1
VNVDEVGGEALGR,13,1
FVGLQER,7,1
PRPPHPRL,8,0
GL,2,0
EPKAIP,6,0
GPFPILN,7,1
AGN,3,1
RGDPAYNGRFL,11,0
NKHGSGK,7,1
ALW,3,0
LPDP,4,1
GFAE,4,1
RL,2,1
EFLKEQF,7,1
LHPHE,5,0
YF,2,0
DHPFL,5,0
DWDPHGL,7,1
GPV,3,0
FY,2,0
WLLING,6,0
YYAPFE,6,0
LEF,3,1
PDMYAFGL,8,0
RPDFDLEPPY,10,0
LKVPDLPLPE,10,0
FFYVAE,6,0
QGWPGPKVPP,10,0
TSFYPDY,7,0
HHYE,4,1
HGPLGPL,7,0
INLPIQTFSALNFR,14,1
KLNDAQAPK,9,1
AFDEK,5,1
LDL,3,1
IYPVPEPS,8,0
LAF,3,0
YEW,3,0
YPLDLF,6,0
DL,2,1
ALWKNMLKGI,10,0
YDY,3,0
SFLLRNPNDKYEPF,14,0
ADGSTINQNVK,11,1
ATERGYSF,8,1
AMKLEKENAL,10,1
WQEPAYQRFL,10,0
GFGDSCTPGKNER,13,1
APTWWKS,7,0
HWDRSNWF,8,1
LEPINF,6,0
SSRNEQSR,8,1
RDNPHW,6,1
YSGPIRQAR,9,0
MGP,3,0
SLAKGDEE,8,1
EDQVF,5,1
DERF,4,1
LGVFRAQAVEYV,12,1
KITHTFRPR,9,0
PDVQAAFQK,9,1
EEVPEDWDAKP,11,1
WKEPAYQRFL,10,0
VENQQLAL,8,1
GY,2,0
ATNGSR,6,1
PF,2,0
DAPASGN,7,1
AYNGPLA,7,0
GNPWEKARP,9,1
KA,2,0
HLQLAIR,7,1
VI,2,0
GSDPLNEEERN,11,1
LPVYNFGI,8,0
LAKVH,5,1
GHPVAITA,8,1
TYNPR,5,1
VAMNPVDHPH,10,1
PHT,3,0
SDSCIR,6,1
TGS,3,1
YYE,3,0
NLRDNYRF,8,1
LVG,3,1
EFKRIV,6,0
PTHIKWGD,8,0
VPKNYFHDIV,10,0
KATYRRFTPN,10,1
KALSEELDN,9,1
GV,2,0
IVY,3,0
LTLF,4,1
GLPD,4,1
ALVDDDEWGKE,11,1
EFDKK,5,1
RDH,3,1
HEEDKEGE,8,1
TVY,3,0
VT,2,1
CWLPVY,6,0
VNFDGEI,7,1
ECH,3,1
LPK,3,0
RYHFPEGL,8,0
PDKPNT,6,1
QPNPDEFVGLM,11,0
VVEGEPSLK,9,1
GLFDIIKNIFSGL,13,0
TYET,4,1
LPVDE,5,1
IPQEVLP,7,0
SPPTEE,6,1
AESHANKHKIPVKY,14,1
SIEDEQRSHSE,11,1
FEP,3,0
AVNPYR,6,1
EPNPDEFFGLM,11,0
KDLFDPVIQD,10,1
LSE,3,1
FAGDDAPRAVFPS,13,1
EVC,3,1
FNVPLYEFSY,10,0
YKLPDKAPIRV,11,0
CTPNSPSAIPFLISSARDIFLR,22,1
FRADHPFL,8,0
PPK,3,0
MEIDD,5,1
GILDAITGLL,10,0
EQRQQEGVIVEL,12,1
NMAINPSKENL,11,1
IGPGLGR,7,1
RWRVLKRRK,9,0
FPEVFGK,7,0
LAYFYPEL,8,0
GGR,3,1
GYSFTTTAER,10,1
GGGE,4,1
DLRAD,5,1
TKRP,4,0
NMKF,4,1
AEINKILGN,9,1
RPRVVR,6,1
KDYRL,5,0
DP,2,1
RIEAQNKPF,9,1
KFPILEH,7,0
TGFLPEEYMK,10,1
FPYVAE,6,0
AQPA,4,1
SWLRDIWDWI,10,0
HPHFVR,6,1
YPYDVPDYASL,11,0
DR,2,1
LYANNVL,7,1
AMDDDEADLLLLAM,14,1
LLDAFFFDNK,10,1
KAKLSSGDV,9,1
VES,3,1
APDFGNR,7,1
GR,2,0
GYFLFRPRN,9,0
LAELK,5,1
DDL,3,1
PI,2,0
FKK,3,0
GPGCKAGL,8,1
RWHRLKE,7,0
VRGP,4,0
GKKRSEAPPHIF,12,1
GKP,3,0
RIWDIWRR,8,0
TDDQVDEIIRN,11,1
IPY,3,0
IDLSRFYGHF,10,0
YAKP,4,0
YHH,3,0
TGWVDVK,7,1
DFWDGRDG,8,1
FNEFV,5,0
QHWSKGYSPG,10,0
DGKGKIPEEY,10,1
GTL,3,0
GLFDIIKKVAS,11,0
IKPLDY,6,0
EAF,3,1
RHRHRHRHRH,10,0
YSTHPHF,7,1
LKA,3,0
WDDMEK,6,1
FTERVQ,6,1
EEAK,4,1
DGEKVDF,7,1
LTEIIP,6,0
ISWCFTY,7,1
LLEYVY,6,0
YPCYDPA,7,0
QEGW,4,1
QHWSYEYMPG,10,0
GLLKFIKTLL,10,0
TLRRCM,6,1
EWLPN,5,0
DIGYY,5,0
KETLEQEKSG,10,1
TLTDVEK,7,1
RLGSSEVEQVQ,11,1
DDDD,4,1
GMLKWKNDFFQEF,13,0
RGG,3,1
YQEPVLGPVRG,11,0
FIMDLLGKIF,10,0
SWLDGK,6,1
DEK,3,1
QRIPAGTTY,9,1
ESE,3,1
GKPYAFGL,8,0
VLPIIGNLLNSLLG,14,0
AEEVEEERLK,10,1
YL,2,0
LGAGGSLA,8,1
TLPGP,5,0
TGC,3,1
LDHFAPM,7,0
DPNDPDMKY,9,1
PFGNTHNNFK,10,1
FGYVAE,6,0
KAI,3,0
IVQ,3,0
NDPEVPGMWFGPRL,14,0
SPEEKKEEET,10,1
SYNPR,5,1
GLLKFIKKLL,10,0
AFDVQ,5,1
QSGCPWHPWC,10,0
ILKP,4,0
GDG,3,1
DCG,3,1
KYY,3,0
DGRGHL,6,1
EW,2,0
VPKGWKFLS,9,0
AAPHENATLH,10,1
EQLIPFPRV,9,0
EFKDHF,6,1
MAASGDVGK,9,1
QSWMHQPHQ,9,0
FE,2,1
GCWGRGRLCQW,11,1
LLEYVM,6,0
LDDGR,5,1
DES,3,1
EA,2,1
HS,2,1
FQKVVA,6,1
NGKET,5,1
ARF,3,0
DAGVIAGLNVLR,12,1
YG,2,0
VAPFPEV,7,0
EQEEYKK,7,1
TTLPDK,6,1
PFKISIHL,8,0
LTYQTWP,7,0
EIKKAALDANEK,12,1
GIFE,4,0
STLFRF,6,0
LEYSI,5,0
PGD,3,1
DNPNW,5,1
LNP,3,0
RHARHD,6,0
FPAHKC,6,0
TSE,3,1
QKKIRARLSA,10,0
IQYCA,5,0
LKDGQAQ,7,1
YLG,3,0
GKARGWFY,8,0
IEKPP,5,0
HLEEEIK,7,1
IRD,3,0
LDSPATPEK,9,1
RPPGSPFR,8,0
EGHDLPADLPDH,12,1
RIQELEDLLE,10,1
VDFFA,5,0
KGSLADEE,8,1
EHWSDYFKPG,10,0
RHV,3,0
VVPPFLQPE,9,0
IGAEVYHNLK,10,1
DK,2,1
VD,2,1
GPPSLRLRF,9,0
LLEYSI,6,0
FI,2,0
PVRAVP,6,0
ML,2,0
YADSNIQINGTDR,13,1
FVT,3,1
AKLTSLEEECQR,12,1
LGAVPPRY,8,0
FIARNFLLGW,10,0
VLVLDTDYKK,10,1
IPGYSHSFV,9,0
IT,2,0
FRY,3,0
YKEFSY,6,0
LPSIGHYY,8,0
KTGLSPDQF,9,1
TDVEQEGD,8,1
IDLSRFYGHFNT,12,0
KEE,3,1
TVPTPFPL,8,0
RFRQGD,6,1
SEASNNK,7,1
EIP,3,0
FYDPLVF,7,0
TFYNELR,7,1
SVRIQELEDLLE,12,1
AFP,3,0
EHGE,4,1
DQPHFPF,7,1
VY,2,0
NYYGWMDF,8,0
YLLF,4,0
QPQPLIYP,8,0
DVTDVTGDRGVTVT,14,1
AT,2,1
EEEVVEEVE,9,1
NNLLRAI,7,0
HDYMRF,6,0
YLQELLGE,8,0
KENIAPYKFKATMYY,15,0
RRVRR,5,0
LSPGV,5,0
NSLEGEFKG,9,1
FKGYHWYRR,9,0
YPFVEP,6,0
ELLI,4,0
IP,2,0
KTRINLVRYITV,12,1
DGG,3,1
MDAIKKMQ,8,1
QIEELEGK,8,1
HVKELE,6,1
RGEPNND,7,1
QSAP,4,0
YEED,4,1
NNP,3,1
RFMKEWFAK,9,0
DFDDIQK,7,1
GLF,3,0
TKPI,4,0
LTFVER,6,1
FV,2,0
KAKFKAH,7,0
IPIQYVL,7,0
IPEPYVWD,8,0
IPYWTY,6,0
VYETPDR,7,1
IEKP,4,0
LF,2,0
FPILEHL,7,0
NRVYIHPFHL,10,0
NNLLRAIE,8,0
IYY,3,0
LHLP,4,0
VPPGFTPFRLT,11,0
LG,2,0
FHHGD,5,1
TEEMEEMRRKL,11,1
HSGIQSEPKAIP,12,0
KVDVDSLK,8,1
HGLF,4,0
VAF,3,0
QKKIRVALSA,10,0
TIGHVDHGKTTLT,13,1
GVYPHK,6,0
RFKRVARVIW,10,0
VPF,3,0
ILPLVGNLLNDLLGK,15,0
ESVIVEISKK,10,1
LEEELEAERA,10,1
GLE,3,1
VLKP,4,0
AVPYPQ,6,0
DLV,3,1
QHP,3,0
AGFMPLP,7,1
VIEKYP,6,0
AH,2,1
FRAEHPL,7,0
IKQD,4,1
GIQSEPKAIP,10,0
FYPEL,5,0
IFWRRIVIVKKF,12,0
VAPEEHPV,8,0
TVDGPSH,7,1
GI,2,0
AGE,3,1
VRGPR,5,1
VKK,3,0
VGG,3,1
KP,2,0
LALPA,5,0
ESV,3,1
EEFLK,5,1
IAKVALKA,8,0
PRVYGFGL,8,0
SEE,3,1
GESMTDGF,8,1
ESKIL,5,1
AITEVDLERAE,11,1
LVP,3,0
NQEGLFR,7,1
ENLHLPLP,8,0
CN,2,1
STMLLESER,9,1
KVYRRHAGY,9,0
PLP,3,0
EGNPAHQK,8,1
SGPYSFGL,8,0
FTMNIRNRM,9,0
DGPL,4,1
GLMPSFAF,8,0
VDEYIPTPER,10,1
DDQIHIF,7,0
CIKRDSP,7,0
REYLLVAQ,8,0
LEHA,4,1
SF,2,1
EFIQ,4,0
PKESEKPN,8,1
SFEAVEAAPT,10,1
YRNTQAILK,9,1
QL,2,1
FHGHGLY,7,0
IGDM,4,1
EELR,4,1
EAGIQ,5,1
GHDGPFG,7,1
QGGDF,5,1
IQKELQF,7,1
GLLKRI,6,0
IFPFVEPI,8,0
YPWGD,5,0
EGELPR,6,1
QYREGLV,7,0
DVILPVPAF,9,1
VRK,3,0
WGDDP,5,1
MLKKKKLA,8,1
IEEAEHRADN,10,1
LFEAIEGFIFL,11,0
GAVEDLERVK,10,1
VKPVRVWKF,9,0
GE,2,1
FFFLSRIF,8,0
DEAVARGATF,10,1
DWGP,4,0
YTTD,4,1
VRP,3,0
KPVAAP,6,0
LGDVLVR,7,1
KSLEEA,6,1
RKE,3,1
SVLGDVGITEVFSDR,15,1
FLPE,4,0
DAMDGWFRLE,10,1
PDWFLLL,7,0
VLGP,4,0
YGESDL,6,1
AKYDDIK,7,1
LY,2,0
RPLKPW,6,0
IDVDGKPQIQ,10,1
IGGSI,5,0
PSIDD,5,1
QKLPEKPER,9,1
LAGE,4,1
LDIVKKVVGAFGSLG,15,0
LPLQDAH,7,1
EPFKISIH,8,0
YVPHWNL,7,0
RKTWFW,6,0
TPPQS,5,0
EDEIFPR,7,1
FKRLEKLF,8,0
KRPPGFSPFR,10,0
LADW,4,1
DGEKVDFDD,9,1
KAPSTM,6,1
YDFWKAVP,8,0
DAFLGSFLYEYSR,13,1
GILDALTGIL,10,0
DFWDGRD,7,1
PEW,3,0
EQLSTSEENSK,11,1
FVVPVNP,7,0
WEFIDF,6,0
GSAQA,5,1
QPENLPT,7,0
LTF,3,0
GKWWVFD,7,0
FLPGLLAGLL,10,0
PSG,3,1
LHG,3,0
LFEQHPEYRK,10,1
IPIYE,5,0
IEFEQ,5,0
ANRWGRGIR,9,0
DAP,3,1
GGRNFLRF,8,0
ADGLWL,6,1
KAELDLH,7,1
HYKGSSF,7,1
IEF,3,0
SYY,3,0
YPLPR,5,0
QEEK,4,1
SEFKQRY,7,1
LE,2,1
QAEADMAR,8,1
LPG,3,1
WKLFDDGV,8,0
GLYNHPQ,7,0
GQEDYDRLRPL,11,1
SAEQT,5,1
DNW,3,1
RIAVIWRR,8,0
PAYQVDKGN,9,1
RPPVVR,6,1
IA,2,0
ELLL,4,0
KVLPVP,6,0
NER,3,1
NPFHAWG,7,0
THEA,4,1
EMH,3,1
FEPAVP,6,0
YPL,3,0
GRRIAGPYIALE,12,0
FQPYDHPAEVSY,12,0
DFE,3,1
LPGVAE,6,1
LPLQDVYK,8,1
EFPAVP,6,0
IAF,3,0
DDNK,4,1
AIAV,4,0
FHNHGAA,7,0
DFNALPFK,8,1
EKYTEIPEYV,10,0
DYGLYP,6,0
LPFL,4,0
LADVEEDK,8,1
LDF,3,1
PEVFLM,6,0
NDQCLVIEIL,10,0
HLFCHNK,7,1
ISYEL,5,0
TREQMIHER,9,1
FEE,3,1
IQQDDCK,7,1
FMSALF,6,1
EERAESGES,9,1
DPNHFGPADLPDKY,14,1
PGSVQEINRL,10,1
VDR,3,1
KKYAFEVVG,9,0
DQR,3,1
RYLG,4,0
LQGM,4,0
GGY,3,1
PRTDIPGVVEK,11,1
ARPYAFGL,8,0
EINEL,5,1
ELELQ,5,1
GEVED,5,1
DAG,3,1
DEEYPDLS,8,1
KENINELSK,9,1
DGKISIEDVE,10,1
RPGAGQPPRR,10,1
FLPYPYY,7,0
LLMLVV,6,1
LKYPLE,6,1
YDAELS,6,1
ADE,3,1
IV,2,0
VWIG,4,0
FWYIWSKRV,9,0
FFVAPFEVFGK,11,0
YKDISY,6,0
GP,2,0
RPIKPPGPPINPK,13,1
IPVNKPGRF,9,1
AQPT,4,1
LVTGGDSGIGR,11,1
AKFDKFYGLM,10,0
SLADEEKG,8,1
EAAGL,5,1
PGWETYRK,8,1
LLHA,4,0
CSQ,3,1
AGLELLK,7,1
LTVEPWL,7,0
GSNRFET,7,1
IQYVLSR,7,0
GLFDIVKKVV,10,0
AGP,3,0
QDSIGS,6,1
WEDWARWI,8,0
AL,2,0
FADL,4,1
IE,2,1
QPDPNAFYGLM,11,0
QAPRFI,6,0
QKKIAVRLSA,10,0
QHGAAPECFWKYCI,14,0
DE,2,1
VSFAIKWEYVL,11,0
AGAGPTP,7,1
LPVYNFGL,8,0
TGDPEK,6,1
TYLPVH,6,1
AQKDEEKME,9,1
NVIVK,5,1
DEGDLDF,7,1
LVLPGELAK,9,1
LDPKVVQSLL,10,0
LLLPGELAK,9,1
SSRDEQSR,8,1
TTYY,4,0
YAFGL,5,0
LFEAIEGFI,9,0
EVNYDFGGK,9,1
IPH,3,1
STAN,4,1
PEDVIMGAF,9,1
GLFDIVKKLVSDF,13,0
SLIGRL,6,0
AEA,3,1
QDF,3,1
QVAIAHRDAK,10,1
TKP,3,0
VLTHGEDKEGE,11,1
YLYEIAR,7,0
KKMFETES,8,1
EE,2,1
YINQMPQKSREA,12,0
LGEETF,6,1
EQE,3,1
KGSLAEEE,8,1
AGLQFPVGR,9,1
ISKEK,5,1
CDVIALL,7,0
APPERKY,7,1
FRC,3,0
ALTSLDGEFKG,11,1
SPFSQ,5,1
WFKDEEF,7,1
FQHPSFI,7,0
GDVCRCLG,8,1
VEPIPY,6,0
NNLLRAIEA,9,0
LENLHLP,7,0
SKVLPVPE,8,0
PPQEAAQF,8,1
GKVQPEDNKGVF,12,1
IIVFGRQLL,9,1
ENINEL,6,1
RRPPGFTPFR,10,0
FYDPLV,6,0
QFLR,4,1
PRVYSFGL,8,0
HHT,3,0
APPERKYS,8,1
LPNRYNFGL,9,0
EG,2,1
YPGIADRMQK,10,1
EK,2,1
DVNHDGKISIED,12,1
KFAYPQ,6,0
ELLKLH,6,1
APYK,4,0
MTLERPW,7,1
LGFEYY,6,0
YPFPIIP,7,0
EPL,3,1
YGIKVGYAIP,10,0
ANENIF,6,0
GPFPILV,7,1
TVATFSSSTKPDD,13,1
LETPAPQVPA,10,0
LH,2,1
ADL,3,1
DQLEKQVK,8,1
NKF,3,1
KKR,3,0
GTGSFFPK,8,1
DVIKKVASVIG,11,0
YNL,3,0
CQ,2,1
SFG,3,1
EVAEALDAPKTT,12,1
AETELGETSQ,10,1
ETFSDLWKLL,10,0
VLALEELLAMPEN,13,1
YLGY,4,0
VVPP,4,0
EEAEGT,6,1
GLFDIIKKIAESIG,14,0
ITF,3,0
YQKFP,5,0
PAA,3,1
AIIYRDLIS,9,0
SD,2,1
PDWEDWNPK,9,1
YGGTPPFV,8,1
STLDAEVR,8,1
YVVFKD,6,1
KPNPERFYAPM,11,0
DVELSK,6,1
FADNVFAL,8,1
APFRMGICTTN,11,0
PET,3,1
FLQPQRF,7,0
LLRH,4,0
DVFRAIPSEV,10,1
LDELEK,6,1
VRLIVAVRIWRR,12,0
HRHR,4,0
LEEL,4,1
HEKLSEESEE,10,1
SFE,3,1
VDAMVH,6,1
PKKCIGNWRT,10,1
PYY,3,0
LTFPG,5,0
PAQ,3,1
PYPQ,4,0
YLEPA,5,0
LNPA,4,0
LSERYP,6,1
MPFLFK,6,0
GQP,3,0
LPLLEEAFLSR,11,1
ENRKPW,6,1
SDPFFRF,7,0
WPD,3,0
YV,2,0
LVF,3,0
LPFNLAKPELYIFVQ,15,0
GKASQFFGLM,10,0
GFVG,4,0
TESSSE,6,1
FG,2,0
ELYAFPRV,8,0
EPVSL,5,1
QPQ,3,0
DDD,3,1
EPAGIGILTY,10,0
EFKEYN,6,1
GETGEAGERG,10,1
QISPYRRI,8,1
EV,2,1
AKALKEEDL,9,1
FWYVAE,6,0
PYRHWSYGLRPG,12,0
EFLRI,5,0
NVNPWHN,7,1
KGP,3,0
IQP,3,0
FDPFPK,6,0
TYNPK,5,1
YLASCLSSVKEEK,13,1
ENGLHNRSLNPR,12,0
VAPEEHPT,8,1
EGSEAPDGSSR,11,1
ERYPI,5,0
ASEFFR,6,1
AGKNTNGSQF,10,1
EEF,3,1
KRSRIRIGV,9,0
RFESF,5,1
HPQYR,5,0
EEEKPKF,7,1
SPE,3,1
YGGFLRRI,8,0
EFFSNYGTRV,10,1
FGPELWP,7,0
LLLPGELAF,9,1
LWKYLRHGV,9,0
RQYAFGL,7,0
EWVPVTK,7,1
RP,2,0
WGHE,4,0
MS,2,1
DALTN,5,1
GID,3,1
CPRECESIC,9,0
SGN,3,1
EFEGGSIEH,9,1
AAEAKLELLE,10,1
KALPMHIRLAF,11,0
ASQSIWLPGWL,11,0
TEYSPGP,7,1
GIIDIAKKLFESW,13,0
FLPKLFAGIISKNF,14,0
RRIEKSLRW,9,0
SADETPR,7,1
